line,position
[OIII],4958.896072
[OIII],5006.803341
[NII],6548.05
[NII],6583.46





