position,int
4340.0,0.5041529999999999
4101.3,0.3051369999999999
