line,position
[O III],4958.896072
[O III],5006.803341
[N II],6548.05
[N II],6583.46
